system:index,month,precip_mm,state_code,state_name,year,yyyymm,.geo
0_000300000000000000b8,1,237.79775955463563,665,Acre,2006,200601,"{""type"":""MultiPoint"",""coordinates"":[]}"
0_00000000000000000000,1,15.853399486709982,666,Alagoas,2006,200601,"{""type"":""MultiPoint"",""coordinates"":[]}"
0_000300000000000000b9,1,295.8754483625307,667,Amapa,2006,200601,"{""type"":""MultiPoint"",""coordinates"":[]}"
0_000300000000000000ba,1,316.6781710503047,668,Amazonas,2006,200601,"{""type"":""MultiPoint"",""coordinates"":[]}"
0_00000000000000000001,1,23.279502115387544,669,Bahia,2006,200601,"{""type"":""MultiPoint"",""coordinates"":[]}"
0_00000000000000000002,1,25.7594153244391,670,Ceara,2006,200601,"{""type"":""MultiPoint"",""coordinates"":[]}"
0_000300000000000000bb,1,147.6017148257919,671,Distrito Federal,2006,200601,"{""type"":""MultiPoint"",""coordinates"":[]}"
0_00000000000000000003,1,39.27960873515706,672,Espirito Santo,2006,200601,"{""type"":""MultiPoint"",""coordinates"":[]}"
0_000300000000000000bc,1,171.59251154870051,673,Goias,2006,200601,"{""type"":""MultiPoint"",""coordinates"":[]}"
0_00000000000000000004,1,154.12302557111795,674,Maranhao,2006,200601,"{""type"":""MultiPoint"",""coordinates"":[]}"
0_000300000000000000bd,1,270.2611797533602,675,Mato Grosso,2006,200601,"{""type"":""MultiPoint"",""coordinates"":[]}"
0_000300000000000000be,1,182.85792893477313,676,Mato Grosso Do Sul,2006,200601,"{""type"":""MultiPoint"",""coordinates"":[]}"
0_00000000000000000005,1,114.93339088147933,677,Minas Gerais,2006,200601,"{""type"":""MultiPoint"",""coordinates"":[]}"
0_0000000000000000000d,1,,692,Name Unknown,2006,200601,"{""type"":""MultiPoint"",""coordinates"":[]}"
0_000300000000000000bf,1,269.7597886163031,678,Para,2006,200601,"{""type"":""MultiPoint"",""coordinates"":[]}"
0_00000000000000000006,1,10.794382250818767,679,Paraiba,2006,200601,"{""type"":""MultiPoint"",""coordinates"":[]}"
0_000300000000000000c0,1,183.64322973292488,680,Parana,2006,200601,"{""type"":""MultiPoint"",""coordinates"":[]}"
0_00000000000000000007,1,11.83013844997792,681,Pernambuco,2006,200601,"{""type"":""MultiPoint"",""coordinates"":[]}"
0_00000000000000000008,1,59.03829952264902,682,Piaui,2006,200601,"{""type"":""MultiPoint"",""coordinates"":[]}"
0_00000000000000000009,1,147.28972754151567,683,Rio De Janeiro,2006,200601,"{""type"":""MultiPoint"",""coordinates"":[]}"
0_0000000000000000000a,1,11.651587087024547,684,Rio Grande Do Norte,2006,200601,"{""type"":""MultiPoint"",""coordinates"":[]}"
0_000300000000000000c1,1,121.90359959934551,685,Rio Grande Do Sul,2006,200601,"{""type"":""MultiPoint"",""coordinates"":[]}"
0_000300000000000000c2,1,345.33962351250466,686,Rondonia,2006,200601,"{""type"":""MultiPoint"",""coordinates"":[]}"
0_000300000000000000c3,1,244.09801874019388,687,Roraima,2006,200601,"{""type"":""MultiPoint"",""coordinates"":[]}"
0_000300000000000000c4,1,182.82604119755814,688,Santa Catarina,2006,200601,"{""type"":""MultiPoint"",""coordinates"":[]}"
0_0000000000000000000b,1,204.79211876127656,689,Sao Paulo,2006,200601,"{""type"":""MultiPoint"",""coordinates"":[]}"
0_0000000000000000000c,1,15.123350099139595,690,Sergipe,2006,200601,"{""type"":""MultiPoint"",""coordinates"":[]}"
0_000300000000000000c5,1,165.065698649407,691,Tocantins,2006,200601,"{""type"":""MultiPoint"",""coordinates"":[]}"
1_000300000000000000b8,2,300.78644496839337,665,Acre,2006,200602,"{""type"":""MultiPoint"",""coordinates"":[]}"
1_00000000000000000000,2,12.31167289989959,666,Alagoas,2006,200602,"{""type"":""MultiPoint"",""coordinates"":[]}"
1_000300000000000000b9,2,333.68617296889244,667,Amapa,2006,200602,"{""type"":""MultiPoint"",""coordinates"":[]}"
1_000300000000000000ba,2,280.60701912887737,668,Amazonas,2006,200602,"{""type"":""MultiPoint"",""coordinates"":[]}"
1_00000000000000000001,2,78.47813497268531,669,Bahia,2006,200602,"{""type"":""MultiPoint"",""coordinates"":[]}"
1_00000000000000000002,2,132.3207888681672,670,Ceara,2006,200602,"{""type"":""MultiPoint"",""coordinates"":[]}"
1_000300000000000000bb,2,192.74550309536548,671,Distrito Federal,2006,200602,"{""type"":""MultiPoint"",""coordinates"":[]}"
1_00000000000000000003,2,61.68028716996412,672,Espirito Santo,2006,200602,"{""type"":""MultiPoint"",""coordinates"":[]}"
1_000300000000000000bc,2,207.77109808436506,673,Goias,2006,200602,"{""type"":""MultiPoint"",""coordinates"":[]}"
1_00000000000000000004,2,209.51655329232062,674,Maranhao,2006,200602,"{""type"":""MultiPoint"",""coordinates"":[]}"
1_000300000000000000bd,2,294.2904354251407,675,Mato Grosso,2006,200602,"{""type"":""MultiPoint"",""coordinates"":[]}"
1_000300000000000000be,2,191.3450398759113,676,Mato Grosso Do Sul,2006,200602,"{""type"":""MultiPoint"",""coordinates"":[]}"
1_00000000000000000005,2,137.29022977205832,677,Minas Gerais,2006,200602,"{""type"":""MultiPoint"",""coordinates"":[]}"
1_0000000000000000000d,2,,692,Name Unknown,2006,200602,"{""type"":""MultiPoint"",""coordinates"":[]}"
1_000300000000000000bf,2,298.52810426335583,678,Para,2006,200602,"{""type"":""MultiPoint"",""coordinates"":[]}"
1_00000000000000000006,2,117.7319005383991,679,Paraiba,2006,200602,"{""type"":""MultiPoint"",""coordinates"":[]}"
1_000300000000000000c0,2,132.0507613225495,680,Parana,2006,200602,"{""type"":""MultiPoint"",""coordinates"":[]}"
1_00000000000000000007,2,73.01761634161251,681,Pernambuco,2006,200602,"{""type"":""MultiPoint"",""coordinates"":[]}"
1_00000000000000000008,2,183.97166591949076,682,Piaui,2006,200602,"{""type"":""MultiPoint"",""coordinates"":[]}"
1_00000000000000000009,2,194.37724341855548,683,Rio De Janeiro,2006,200602,"{""type"":""MultiPoint"",""coordinates"":[]}"
1_0000000000000000000a,2,79.82777682353307,684,Rio Grande Do Norte,2006,200602,"{""type"":""MultiPoint"",""coordinates"":[]}"
1_000300000000000000c1,2,74.1542100753841,685,Rio Grande Do Sul,2006,200602,"{""type"":""MultiPoint"",""coordinates"":[]}"
1_000300000000000000c2,2,336.3218656801274,686,Rondonia,2006,200602,"{""type"":""MultiPoint"",""coordinates"":[]}"
1_000300000000000000c3,2,86.67765045901547,687,Roraima,2006,200602,"{""type"":""MultiPoint"",""coordinates"":[]}"
1_000300000000000000c4,2,117.80189013831911,688,Santa Catarina,2006,200602,"{""type"":""MultiPoint"",""coordinates"":[]}"
1_0000000000000000000b,2,249.53009547750602,689,Sao Paulo,2006,200602,"{""type"":""MultiPoint"",""coordinates"":[]}"
1_0000000000000000000c,2,13.476750672297374,690,Sergipe,2006,200602,"{""type"":""MultiPoint"",""coordinates"":[]}"
1_000300000000000000c5,2,247.5546533627685,691,Tocantins,2006,200602,"{""type"":""MultiPoint"",""coordinates"":[]}"
2_000300000000000000b8,3,213.69376189797717,665,Acre,2006,200603,"{""type"":""MultiPoint"",""coordinates"":[]}"
2_00000000000000000000,3,70.10929091094583,666,Alagoas,2006,200603,"{""type"":""MultiPoint"",""coordinates"":[]}"
2_000300000000000000b9,3,341.59823935616987,667,Amapa,2006,200603,"{""type"":""MultiPoint"",""coordinates"":[]}"
2_000300000000000000ba,3,286.36154442328274,668,Amazonas,2006,200603,"{""type"":""MultiPoint"",""coordinates"":[]}"
2_00000000000000000001,3,184.53511519150132,669,Bahia,2006,200603,"{""type"":""MultiPoint"",""coordinates"":[]}"
2_00000000000000000002,3,191.44709765770628,670,Ceara,2006,200603,"{""type"":""MultiPoint"",""coordinates"":[]}"
2_000300000000000000bb,3,258.65897402934075,671,Distrito Federal,2006,200603,"{""type"":""MultiPoint"",""coordinates"":[]}"
2_00000000000000000003,3,243.9580681961275,672,Espirito Santo,2006,200603,"{""type"":""MultiPoint"",""coordinates"":[]}"
2_000300000000000000bc,3,265.8639995275568,673,Goias,2006,200603,"{""type"":""MultiPoint"",""coordinates"":[]}"
2_00000000000000000004,3,306.1943998636304,674,Maranhao,2006,200603,"{""type"":""MultiPoint"",""coordinates"":[]}"
2_000300000000000000bd,3,278.22571644684933,675,Mato Grosso,2006,200603,"{""type"":""MultiPoint"",""coordinates"":[]}"
2_000300000000000000be,3,165.012537486783,676,Mato Grosso Do Sul,2006,200603,"{""type"":""MultiPoint"",""coordinates"":[]}"
2_00000000000000000005,3,236.74049019409958,677,Minas Gerais,2006,200603,"{""type"":""MultiPoint"",""coordinates"":[]}"
2_0000000000000000000d,3,,692,Name Unknown,2006,200603,"{""type"":""MultiPoint"",""coordinates"":[]}"
2_000300000000000000bf,3,367.0105158986311,678,Para,2006,200603,"{""type"":""MultiPoint"",""coordinates"":[]}"
2_00000000000000000006,3,166.8684438189691,679,Paraiba,2006,200603,"{""type"":""MultiPoint"",""coordinates"":[]}"
2_000300000000000000c0,3,153.51578861487405,680,Parana,2006,200603,"{""type"":""MultiPoint"",""coordinates"":[]}"
2_00000000000000000007,3,136.55612586689932,681,Pernambuco,2006,200603,"{""type"":""MultiPoint"",""coordinates"":[]}"
2_00000000000000000008,3,237.49048712194013,682,Piaui,2006,200603,"{""type"":""MultiPoint"",""coordinates"":[]}"
2_00000000000000000009,3,131.6519382741119,683,Rio De Janeiro,2006,200603,"{""type"":""MultiPoint"",""coordinates"":[]}"
2_0000000000000000000a,3,139.66543557936726,684,Rio Grande Do Norte,2006,200603,"{""type"":""MultiPoint"",""coordinates"":[]}"
2_000300000000000000c1,3,110.9507470442871,685,Rio Grande Do Sul,2006,200603,"{""type"":""MultiPoint"",""coordinates"":[]}"
2_000300000000000000c2,3,268.7617300398114,686,Rondonia,2006,200603,"{""type"":""MultiPoint"",""coordinates"":[]}"
2_000300000000000000c3,3,94.06313082733757,687,Roraima,2006,200603,"{""type"":""MultiPoint"",""coordinates"":[]}"
2_000300000000000000c4,3,147.85158950678596,688,Santa Catarina,2006,200603,"{""type"":""MultiPoint"",""coordinates"":[]}"
2_0000000000000000000b,3,176.61107936836012,689,Sao Paulo,2006,200603,"{""type"":""MultiPoint"",""coordinates"":[]}"
2_0000000000000000000c,3,58.67821827534343,690,Sergipe,2006,200603,"{""type"":""MultiPoint"",""coordinates"":[]}"
2_000300000000000000c5,3,304.3949682336823,691,Tocantins,2006,200603,"{""type"":""MultiPoint"",""coordinates"":[]}"
3_000300000000000000b8,4,174.55866500007122,665,Acre,2006,200604,"{""type"":""MultiPoint"",""coordinates"":[]}"
3_00000000000000000000,4,105.89861044536565,666,Alagoas,2006,200604,"{""type"":""MultiPoint"",""coordinates"":[]}"
3_000300000000000000b9,4,415.6227087789068,667,Amapa,2006,200604,"{""type"":""MultiPoint"",""coordinates"":[]}"
3_000300000000000000ba,4,274.7929154087787,668,Amazonas,2006,200604,"{""type"":""MultiPoint"",""coordinates"":[]}"
3_00000000000000000001,4,136.02188951487275,669,Bahia,2006,200604,"{""type"":""MultiPoint"",""coordinates"":[]}"
3_00000000000000000002,4,217.53603432741144,670,Ceara,2006,200604,"{""type"":""MultiPoint"",""coordinates"":[]}"
3_000300000000000000bb,4,128.47912477353256,671,Distrito Federal,2006,200604,"{""type"":""MultiPoint"",""coordinates"":[]}"
3_00000000000000000003,4,85.02554989350035,672,Espirito Santo,2006,200604,"{""type"":""MultiPoint"",""coordinates"":[]}"
3_000300000000000000bc,4,135.54550670751271,673,Goias,2006,200604,"{""type"":""MultiPoint"",""coordinates"":[]}"
3_00000000000000000004,4,389.6606558934175,674,Maranhao,2006,200604,"{""type"":""MultiPoint"",""coordinates"":[]}"
3_000300000000000000bd,4,200.7252364516526,675,Mato Grosso,2006,200604,"{""type"":""MultiPoint"",""coordinates"":[]}"
3_000300000000000000be,4,100.83038647037311,676,Mato Grosso Do Sul,2006,200604,"{""type"":""MultiPoint"",""coordinates"":[]}"
3_00000000000000000005,4,68.56349961982814,677,Minas Gerais,2006,200604,"{""type"":""MultiPoint"",""coordinates"":[]}"
3_0000000000000000000d,4,,692,Name Unknown,2006,200604,"{""type"":""MultiPoint"",""coordinates"":[]}"
3_000300000000000000bf,4,378.3670131258707,678,Para,2006,200604,"{""type"":""MultiPoint"",""coordinates"":[]}"
3_00000000000000000006,4,196.8462532529153,679,Paraiba,2006,200604,"{""type"":""MultiPoint"",""coordinates"":[]}"
3_000300000000000000c0,4,63.62451473692188,680,Parana,2006,200604,"{""type"":""MultiPoint"",""coordinates"":[]}"
3_00000000000000000007,4,128.12698527671643,681,Pernambuco,2006,200604,"{""type"":""MultiPoint"",""coordinates"":[]}"
3_00000000000000000008,4,235.2801603653064,682,Piaui,2006,200604,"{""type"":""MultiPoint"",""coordinates"":[]}"
3_00000000000000000009,4,84.80748768843833,683,Rio De Janeiro,2006,200604,"{""type"":""MultiPoint"",""coordinates"":[]}"
3_0000000000000000000a,4,227.18862713258233,684,Rio Grande Do Norte,2006,200604,"{""type"":""MultiPoint"",""coordinates"":[]}"
3_000300000000000000c1,4,75.42106912076622,685,Rio Grande Do Sul,2006,200604,"{""type"":""MultiPoint"",""coordinates"":[]}"
3_000300000000000000c2,4,203.1677535827062,686,Rondonia,2006,200604,"{""type"":""MultiPoint"",""coordinates"":[]}"
3_000300000000000000c3,4,173.23259820013212,687,Roraima,2006,200604,"{""type"":""MultiPoint"",""coordinates"":[]}"
3_000300000000000000c4,4,50.730466374057244,688,Santa Catarina,2006,200604,"{""type"":""MultiPoint"",""coordinates"":[]}"
3_0000000000000000000b,4,45.12601332474202,689,Sao Paulo,2006,200604,"{""type"":""MultiPoint"",""coordinates"":[]}"
3_0000000000000000000c,4,128.0046166621211,690,Sergipe,2006,200604,"{""type"":""MultiPoint"",""coordinates"":[]}"
3_000300000000000000c5,4,294.72650173817976,691,Tocantins,2006,200604,"{""type"":""MultiPoint"",""coordinates"":[]}"
4_000300000000000000b8,5,56.27513903415211,665,Acre,2006,200605,"{""type"":""MultiPoint"",""coordinates"":[]}"
4_00000000000000000000,5,208.96785609795688,666,Alagoas,2006,200605,"{""type"":""MultiPoint"",""coordinates"":[]}"
4_000300000000000000b9,5,413.08114148068364,667,Amapa,2006,200605,"{""type"":""MultiPoint"",""coordinates"":[]}"
4_000300000000000000ba,5,255.01673383631356,668,Amazonas,2006,200605,"{""type"":""MultiPoint"",""coordinates"":[]}"
4_00000000000000000001,5,32.62556673617084,669,Bahia,2006,200605,"{""type"":""MultiPoint"",""coordinates"":[]}"
4_00000000000000000002,5,134.38279544950743,670,Ceara,2006,200605,"{""type"":""MultiPoint"",""coordinates"":[]}"
4_000300000000000000bb,5,27.653845345945502,671,Distrito Federal,2006,200605,"{""type"":""MultiPoint"",""coordinates"":[]}"
4_00000000000000000003,5,18.055101885038255,672,Espirito Santo,2006,200605,"{""type"":""MultiPoint"",""coordinates"":[]}"
4_000300000000000000bc,5,17.79146491258247,673,Goias,2006,200605,"{""type"":""MultiPoint"",""coordinates"":[]}"
4_00000000000000000004,5,174.90618549642545,674,Maranhao,2006,200605,"{""type"":""MultiPoint"",""coordinates"":[]}"
4_000300000000000000bd,5,37.4814183449877,675,Mato Grosso,2006,200605,"{""type"":""MultiPoint"",""coordinates"":[]}"
4_000300000000000000be,5,45.63374850678233,676,Mato Grosso Do Sul,2006,200605,"{""type"":""MultiPoint"",""coordinates"":[]}"
4_00000000000000000005,5,17.121099682249437,677,Minas Gerais,2006,200605,"{""type"":""MultiPoint"",""coordinates"":[]}"
4_0000000000000000000d,5,,692,Name Unknown,2006,200605,"{""type"":""MultiPoint"",""coordinates"":[]}"
4_000300000000000000bf,5,318.45635355258247,678,Para,2006,200605,"{""type"":""MultiPoint"",""coordinates"":[]}"
4_00000000000000000006,5,101.30991152802787,679,Paraiba,2006,200605,"{""type"":""MultiPoint"",""coordinates"":[]}"
4_000300000000000000c0,5,19.812368491946813,680,Parana,2006,200605,"{""type"":""MultiPoint"",""coordinates"":[]}"
4_00000000000000000007,5,72.52000590485905,681,Pernambuco,2006,200605,"{""type"":""MultiPoint"",""coordinates"":[]}"
4_00000000000000000008,5,68.23263662592755,682,Piaui,2006,200605,"{""type"":""MultiPoint"",""coordinates"":[]}"
4_00000000000000000009,5,43.51836783600553,683,Rio De Janeiro,2006,200605,"{""type"":""MultiPoint"",""coordinates"":[]}"
4_0000000000000000000a,5,110.12176376938162,684,Rio Grande Do Norte,2006,200605,"{""type"":""MultiPoint"",""coordinates"":[]}"
4_000300000000000000c1,5,73.97877615324774,685,Rio Grande Do Sul,2006,200605,"{""type"":""MultiPoint"",""coordinates"":[]}"
4_000300000000000000c2,5,62.02144918692545,686,Rondonia,2006,200605,"{""type"":""MultiPoint"",""coordinates"":[]}"
4_000300000000000000c3,5,451.3412999061046,687,Roraima,2006,200605,"{""type"":""MultiPoint"",""coordinates"":[]}"
4_000300000000000000c4,5,30.26566623843967,688,Santa Catarina,2006,200605,"{""type"":""MultiPoint"",""coordinates"":[]}"
4_0000000000000000000b,5,26.982265623667004,689,Sao Paulo,2006,200605,"{""type"":""MultiPoint"",""coordinates"":[]}"
4_0000000000000000000c,5,172.5749961527294,690,Sergipe,2006,200605,"{""type"":""MultiPoint"",""coordinates"":[]}"
4_000300000000000000c5,5,71.40182150054976,691,Tocantins,2006,200605,"{""type"":""MultiPoint"",""coordinates"":[]}"
5_000300000000000000b8,6,70.77428824717362,665,Acre,2006,200606,"{""type"":""MultiPoint"",""coordinates"":[]}"
5_00000000000000000000,6,147.77766596953504,666,Alagoas,2006,200606,"{""type"":""MultiPoint"",""coordinates"":[]}"
5_000300000000000000b9,6,339.7744409301073,667,Amapa,2006,200606,"{""type"":""MultiPoint"",""coordinates"":[]}"
5_000300000000000000ba,6,155.83753681312373,668,Amazonas,2006,200606,"{""type"":""MultiPoint"",""coordinates"":[]}"
5_00000000000000000001,6,40.49340522308235,669,Bahia,2006,200606,"{""type"":""MultiPoint"",""coordinates"":[]}"
5_00000000000000000002,6,46.70763832983627,670,Ceara,2006,200606,"{""type"":""MultiPoint"",""coordinates"":[]}"
5_000300000000000000bb,6,2.2308525602384024,671,Distrito Federal,2006,200606,"{""type"":""MultiPoint"",""coordinates"":[]}"
5_00000000000000000003,6,25.52099253251672,672,Espirito Santo,2006,200606,"{""type"":""MultiPoint"",""coordinates"":[]}"
5_000300000000000000bc,6,0.7082549397657835,673,Goias,2006,200606,"{""type"":""MultiPoint"",""coordinates"":[]}"
5_00000000000000000004,6,36.45946129115993,674,Maranhao,2006,200606,"{""type"":""MultiPoint"",""coordinates"":[]}"
5_000300000000000000bd,6,4.197044297770489,675,Mato Grosso,2006,200606,"{""type"":""MultiPoint"",""coordinates"":[]}"
5_000300000000000000be,6,20.694494239481724,676,Mato Grosso Do Sul,2006,200606,"{""type"":""MultiPoint"",""coordinates"":[]}"
5_00000000000000000005,6,6.637777254479854,677,Minas Gerais,2006,200606,"{""type"":""MultiPoint"",""coordinates"":[]}"
5_0000000000000000000d,6,,692,Name Unknown,2006,200606,"{""type"":""MultiPoint"",""coordinates"":[]}"
5_000300000000000000bf,6,116.75084543862111,678,Para,2006,200606,"{""type"":""MultiPoint"",""coordinates"":[]}"
5_00000000000000000006,6,87.29235277465668,679,Paraiba,2006,200606,"{""type"":""MultiPoint"",""coordinates"":[]}"
5_000300000000000000c0,6,54.555283691552965,680,Parana,2006,200606,"{""type"":""MultiPoint"",""coordinates"":[]}"
5_00000000000000000007,6,92.68730213471012,681,Pernambuco,2006,200606,"{""type"":""MultiPoint"",""coordinates"":[]}"
5_00000000000000000008,6,7.160809291643959,682,Piaui,2006,200606,"{""type"":""MultiPoint"",""coordinates"":[]}"
5_00000000000000000009,6,22.918139730032777,683,Rio De Janeiro,2006,200606,"{""type"":""MultiPoint"",""coordinates"":[]}"
5_0000000000000000000a,6,71.34896135057633,684,Rio Grande Do Norte,2006,200606,"{""type"":""MultiPoint"",""coordinates"":[]}"
5_000300000000000000c1,6,112.53511241056728,685,Rio Grande Do Sul,2006,200606,"{""type"":""MultiPoint"",""coordinates"":[]}"
5_000300000000000000c2,6,14.40643294416746,686,Rondonia,2006,200606,"{""type"":""MultiPoint"",""coordinates"":[]}"
5_000300000000000000c3,6,383.87910802051624,687,Roraima,2006,200606,"{""type"":""MultiPoint"",""coordinates"":[]}"
5_000300000000000000c4,6,63.113902681566636,688,Santa Catarina,2006,200606,"{""type"":""MultiPoint"",""coordinates"":[]}"
5_0000000000000000000b,6,20.571677367509295,689,Sao Paulo,2006,200606,"{""type"":""MultiPoint"",""coordinates"":[]}"
5_0000000000000000000c,6,188.87868215709085,690,Sergipe,2006,200606,"{""type"":""MultiPoint"",""coordinates"":[]}"
5_000300000000000000c5,6,0.8819348028455442,691,Tocantins,2006,200606,"{""type"":""MultiPoint"",""coordinates"":[]}"
6_000300000000000000b8,7,52.780579051920704,665,Acre,2006,200607,"{""type"":""MultiPoint"",""coordinates"":[]}"
6_00000000000000000000,7,142.72164345476423,666,Alagoas,2006,200607,"{""type"":""MultiPoint"",""coordinates"":[]}"
6_000300000000000000b9,7,208.919435692914,667,Amapa,2006,200607,"{""type"":""MultiPoint"",""coordinates"":[]}"
6_000300000000000000ba,7,142.55121599059925,668,Amazonas,2006,200607,"{""type"":""MultiPoint"",""coordinates"":[]}"
6_00000000000000000001,7,26.207572527042636,669,Bahia,2006,200607,"{""type"":""MultiPoint"",""coordinates"":[]}"
6_00000000000000000002,7,10.28042533329639,670,Ceara,2006,200607,"{""type"":""MultiPoint"",""coordinates"":[]}"
6_000300000000000000bb,7,4.246400584187674,671,Distrito Federal,2006,200607,"{""type"":""MultiPoint"",""coordinates"":[]}"
6_00000000000000000003,7,35.74915843555674,672,Espirito Santo,2006,200607,"{""type"":""MultiPoint"",""coordinates"":[]}"
6_000300000000000000bc,7,4.725890716155072,673,Goias,2006,200607,"{""type"":""MultiPoint"",""coordinates"":[]}"
6_00000000000000000004,7,18.826396071857733,674,Maranhao,2006,200607,"{""type"":""MultiPoint"",""coordinates"":[]}"
6_000300000000000000bd,7,6.916551974878406,675,Mato Grosso,2006,200607,"{""type"":""MultiPoint"",""coordinates"":[]}"
6_000300000000000000be,7,23.35244556893539,676,Mato Grosso Do Sul,2006,200607,"{""type"":""MultiPoint"",""coordinates"":[]}"
6_00000000000000000005,7,8.883664082612757,677,Minas Gerais,2006,200607,"{""type"":""MultiPoint"",""coordinates"":[]}"
6_0000000000000000000d,7,,692,Name Unknown,2006,200607,"{""type"":""MultiPoint"",""coordinates"":[]}"
6_000300000000000000bf,7,78.26707637498838,678,Para,2006,200607,"{""type"":""MultiPoint"",""coordinates"":[]}"
6_00000000000000000006,7,32.849463613393716,679,Paraiba,2006,200607,"{""type"":""MultiPoint"",""coordinates"":[]}"
6_000300000000000000c0,7,55.61969211354096,680,Parana,2006,200607,"{""type"":""MultiPoint"",""coordinates"":[]}"
6_00000000000000000007,7,47.12193942083813,681,Pernambuco,2006,200607,"{""type"":""MultiPoint"",""coordinates"":[]}"
6_00000000000000000008,7,3.080783778481911,682,Piaui,2006,200607,"{""type"":""MultiPoint"",""coordinates"":[]}"
6_00000000000000000009,7,25.683050935745072,683,Rio De Janeiro,2006,200607,"{""type"":""MultiPoint"",""coordinates"":[]}"
6_0000000000000000000a,7,26.38140299566802,684,Rio Grande Do Norte,2006,200607,"{""type"":""MultiPoint"",""coordinates"":[]}"
6_000300000000000000c1,7,116.94778339072487,685,Rio Grande Do Sul,2006,200607,"{""type"":""MultiPoint"",""coordinates"":[]}"
6_000300000000000000c2,7,11.746009299027463,686,Rondonia,2006,200607,"{""type"":""MultiPoint"",""coordinates"":[]}"
6_000300000000000000c3,7,369.7710361254129,687,Roraima,2006,200607,"{""type"":""MultiPoint"",""coordinates"":[]}"
6_000300000000000000c4,7,72.24438468831495,688,Santa Catarina,2006,200607,"{""type"":""MultiPoint"",""coordinates"":[]}"
6_0000000000000000000b,7,27.7415776832551,689,Sao Paulo,2006,200607,"{""type"":""MultiPoint"",""coordinates"":[]}"
6_0000000000000000000c,7,156.89557288317317,690,Sergipe,2006,200607,"{""type"":""MultiPoint"",""coordinates"":[]}"
6_000300000000000000c5,7,2.3756657299573725,691,Tocantins,2006,200607,"{""type"":""MultiPoint"",""coordinates"":[]}"
7_000300000000000000b8,8,61.91532452638317,665,Acre,2006,200608,"{""type"":""MultiPoint"",""coordinates"":[]}"
7_00000000000000000000,8,65.77144927189399,666,Alagoas,2006,200608,"{""type"":""MultiPoint"",""coordinates"":[]}"
7_000300000000000000b9,8,88.52796839758024,667,Amapa,2006,200608,"{""type"":""MultiPoint"",""coordinates"":[]}"
7_000300000000000000ba,8,120.00715596148682,668,Amazonas,2006,200608,"{""type"":""MultiPoint"",""coordinates"":[]}"
7_00000000000000000001,8,16.116234961704016,669,Bahia,2006,200608,"{""type"":""MultiPoint"",""coordinates"":[]}"
7_00000000000000000002,8,2.98546151106273,670,Ceara,2006,200608,"{""type"":""MultiPoint"",""coordinates"":[]}"
7_000300000000000000bb,8,10.11635251813522,671,Distrito Federal,2006,200608,"{""type"":""MultiPoint"",""coordinates"":[]}"
7_00000000000000000003,8,27.440546264782085,672,Espirito Santo,2006,200608,"{""type"":""MultiPoint"",""coordinates"":[]}"
7_000300000000000000bc,8,6.675633899617673,673,Goias,2006,200608,"{""type"":""MultiPoint"",""coordinates"":[]}"
7_00000000000000000004,8,13.18541053833249,674,Maranhao,2006,200608,"{""type"":""MultiPoint"",""coordinates"":[]}"
7_000300000000000000bd,8,12.493160142227254,675,Mato Grosso,2006,200608,"{""type"":""MultiPoint"",""coordinates"":[]}"
7_000300000000000000be,8,23.342097098178513,676,Mato Grosso Do Sul,2006,200608,"{""type"":""MultiPoint"",""coordinates"":[]}"
7_00000000000000000005,8,9.190981020433096,677,Minas Gerais,2006,200608,"{""type"":""MultiPoint"",""coordinates"":[]}"
7_0000000000000000000d,8,,692,Name Unknown,2006,200608,"{""type"":""MultiPoint"",""coordinates"":[]}"
7_000300000000000000bf,8,48.649417236657925,678,Para,2006,200608,"{""type"":""MultiPoint"",""coordinates"":[]}"
7_00000000000000000006,8,21.793392573921015,679,Paraiba,2006,200608,"{""type"":""MultiPoint"",""coordinates"":[]}"
7_000300000000000000c0,8,69.37800987196243,680,Parana,2006,200608,"{""type"":""MultiPoint"",""coordinates"":[]}"
7_00000000000000000007,8,24.08273720979819,681,Pernambuco,2006,200608,"{""type"":""MultiPoint"",""coordinates"":[]}"
7_00000000000000000008,8,1.3807180908459893,682,Piaui,2006,200608,"{""type"":""MultiPoint"",""coordinates"":[]}"
7_00000000000000000009,8,33.22181943175172,683,Rio De Janeiro,2006,200608,"{""type"":""MultiPoint"",""coordinates"":[]}"
7_0000000000000000000a,8,16.578407328670842,684,Rio Grande Do Norte,2006,200608,"{""type"":""MultiPoint"",""coordinates"":[]}"
7_000300000000000000c1,8,115.53530963700676,685,Rio Grande Do Sul,2006,200608,"{""type"":""MultiPoint"",""coordinates"":[]}"
7_000300000000000000c2,8,32.87043146467519,686,Rondonia,2006,200608,"{""type"":""MultiPoint"",""coordinates"":[]}"
7_000300000000000000c3,8,197.25429030197196,687,Roraima,2006,200608,"{""type"":""MultiPoint"",""coordinates"":[]}"
7_000300000000000000c4,8,117.94841557916546,688,Santa Catarina,2006,200608,"{""type"":""MultiPoint"",""coordinates"":[]}"
7_0000000000000000000b,8,18.987991042994214,689,Sao Paulo,2006,200608,"{""type"":""MultiPoint"",""coordinates"":[]}"
7_0000000000000000000c,8,63.5468930748934,690,Sergipe,2006,200608,"{""type"":""MultiPoint"",""coordinates"":[]}"
7_000300000000000000c5,8,4.516259754077114,691,Tocantins,2006,200608,"{""type"":""MultiPoint"",""coordinates"":[]}"
8_000300000000000000b8,9,93.39328055856134,665,Acre,2006,200609,"{""type"":""MultiPoint"",""coordinates"":[]}"
8_00000000000000000000,9,67.80808460085501,666,Alagoas,2006,200609,"{""type"":""MultiPoint"",""coordinates"":[]}"
8_000300000000000000b9,9,54.956659776211495,667,Amapa,2006,200609,"{""type"":""MultiPoint"",""coordinates"":[]}"
8_000300000000000000ba,9,129.3226759423862,668,Amazonas,2006,200609,"{""type"":""MultiPoint"",""coordinates"":[]}"
8_00000000000000000001,9,24.345307600774653,669,Bahia,2006,200609,"{""type"":""MultiPoint"",""coordinates"":[]}"
8_00000000000000000002,9,0.4240705093852438,670,Ceara,2006,200609,"{""type"":""MultiPoint"",""coordinates"":[]}"
8_000300000000000000bb,9,43.151677522036756,671,Distrito Federal,2006,200609,"{""type"":""MultiPoint"",""coordinates"":[]}"
8_00000000000000000003,9,72.61991343641724,672,Espirito Santo,2006,200609,"{""type"":""MultiPoint"",""coordinates"":[]}"
8_000300000000000000bc,9,53.32369451967609,673,Goias,2006,200609,"{""type"":""MultiPoint"",""coordinates"":[]}"
8_00000000000000000004,9,23.54724651485219,674,Maranhao,2006,200609,"{""type"":""MultiPoint"",""coordinates"":[]}"
8_000300000000000000bd,9,84.90265870550613,675,Mato Grosso,2006,200609,"{""type"":""MultiPoint"",""coordinates"":[]}"
8_000300000000000000be,9,82.77840696973155,676,Mato Grosso Do Sul,2006,200609,"{""type"":""MultiPoint"",""coordinates"":[]}"
8_00000000000000000005,9,52.115673862921504,677,Minas Gerais,2006,200609,"{""type"":""MultiPoint"",""coordinates"":[]}"
8_0000000000000000000d,9,,692,Name Unknown,2006,200609,"{""type"":""MultiPoint"",""coordinates"":[]}"
8_000300000000000000bf,9,67.10546884976667,678,Para,2006,200609,"{""type"":""MultiPoint"",""coordinates"":[]}"
8_00000000000000000006,9,8.85846036567851,679,Paraiba,2006,200609,"{""type"":""MultiPoint"",""coordinates"":[]}"
8_000300000000000000c0,9,174.4439880694192,680,Parana,2006,200609,"{""type"":""MultiPoint"",""coordinates"":[]}"
8_00000000000000000007,9,15.533292162732153,681,Pernambuco,2006,200609,"{""type"":""MultiPoint"",""coordinates"":[]}"
8_00000000000000000008,9,12.025737129807998,682,Piaui,2006,200609,"{""type"":""MultiPoint"",""coordinates"":[]}"
8_00000000000000000009,9,72.48248409822847,683,Rio De Janeiro,2006,200609,"{""type"":""MultiPoint"",""coordinates"":[]}"
8_0000000000000000000a,9,4.617725209065569,684,Rio Grande Do Norte,2006,200609,"{""type"":""MultiPoint"",""coordinates"":[]}"
8_000300000000000000c1,9,128.33059617612716,685,Rio Grande Do Sul,2006,200609,"{""type"":""MultiPoint"",""coordinates"":[]}"
8_000300000000000000c2,9,82.03753753497439,686,Rondonia,2006,200609,"{""type"":""MultiPoint"",""coordinates"":[]}"
8_000300000000000000c3,9,132.57409737877595,687,Roraima,2006,200609,"{""type"":""MultiPoint"",""coordinates"":[]}"
8_000300000000000000c4,9,122.86883909295945,688,Santa Catarina,2006,200609,"{""type"":""MultiPoint"",""coordinates"":[]}"
8_0000000000000000000b,9,75.88777907692446,689,Sao Paulo,2006,200609,"{""type"":""MultiPoint"",""coordinates"":[]}"
8_0000000000000000000c,9,85.1686318749569,690,Sergipe,2006,200609,"{""type"":""MultiPoint"",""coordinates"":[]}"
8_000300000000000000c5,9,68.74215549026991,691,Tocantins,2006,200609,"{""type"":""MultiPoint"",""coordinates"":[]}"
9_000300000000000000b8,10,172.60795324828769,665,Acre,2006,200610,"{""type"":""MultiPoint"",""coordinates"":[]}"
9_00000000000000000000,10,34.453428447416854,666,Alagoas,2006,200610,"{""type"":""MultiPoint"",""coordinates"":[]}"
9_000300000000000000b9,10,29.921331911395942,667,Amapa,2006,200610,"{""type"":""MultiPoint"",""coordinates"":[]}"
9_000300000000000000ba,10,159.2899100122826,668,Amazonas,2006,200610,"{""type"":""MultiPoint"",""coordinates"":[]}"
9_00000000000000000001,10,98.10139736929608,669,Bahia,2006,200610,"{""type"":""MultiPoint"",""coordinates"":[]}"
9_00000000000000000002,10,4.61393515591725,670,Ceara,2006,200610,"{""type"":""MultiPoint"",""coordinates"":[]}"
9_000300000000000000bb,10,341.0783995127923,671,Distrito Federal,2006,200610,"{""type"":""MultiPoint"",""coordinates"":[]}"
9_00000000000000000003,10,134.83462116308746,672,Espirito Santo,2006,200610,"{""type"":""MultiPoint"",""coordinates"":[]}"
9_000300000000000000bc,10,214.69754122793566,673,Goias,2006,200610,"{""type"":""MultiPoint"",""coordinates"":[]}"
9_00000000000000000004,10,65.87812606005959,674,Maranhao,2006,200610,"{""type"":""MultiPoint"",""coordinates"":[]}"
9_000300000000000000bd,10,205.68649886063093,675,Mato Grosso,2006,200610,"{""type"":""MultiPoint"",""coordinates"":[]}"
9_000300000000000000be,10,128.04396676404582,676,Mato Grosso Do Sul,2006,200610,"{""type"":""MultiPoint"",""coordinates"":[]}"
9_00000000000000000005,10,146.41262140087952,677,Minas Gerais,2006,200610,"{""type"":""MultiPoint"",""coordinates"":[]}"
9_0000000000000000000d,10,,692,Name Unknown,2006,200610,"{""type"":""MultiPoint"",""coordinates"":[]}"
9_000300000000000000bf,10,100.88307188550552,678,Para,2006,200610,"{""type"":""MultiPoint"",""coordinates"":[]}"
9_00000000000000000006,10,8.519980795748161,679,Paraiba,2006,200610,"{""type"":""MultiPoint"",""coordinates"":[]}"
9_000300000000000000c0,10,113.04112058674315,680,Parana,2006,200610,"{""type"":""MultiPoint"",""coordinates"":[]}"
9_00000000000000000007,10,16.5898091534134,681,Pernambuco,2006,200610,"{""type"":""MultiPoint"",""coordinates"":[]}"
9_00000000000000000008,10,75.82215668349134,682,Piaui,2006,200610,"{""type"":""MultiPoint"",""coordinates"":[]}"
9_00000000000000000009,10,137.0527275455217,683,Rio De Janeiro,2006,200610,"{""type"":""MultiPoint"",""coordinates"":[]}"
9_0000000000000000000a,10,1.8096216129916145,684,Rio Grande Do Norte,2006,200610,"{""type"":""MultiPoint"",""coordinates"":[]}"
9_000300000000000000c1,10,120.38163093715085,685,Rio Grande Do Sul,2006,200610,"{""type"":""MultiPoint"",""coordinates"":[]}"
9_000300000000000000c2,10,182.04735824234317,686,Rondonia,2006,200610,"{""type"":""MultiPoint"",""coordinates"":[]}"
9_000300000000000000c3,10,77.24885520273686,687,Roraima,2006,200610,"{""type"":""MultiPoint"",""coordinates"":[]}"
9_000300000000000000c4,10,97.74009258541867,688,Santa Catarina,2006,200610,"{""type"":""MultiPoint"",""coordinates"":[]}"
9_0000000000000000000b,10,120.11222945504831,689,Sao Paulo,2006,200610,"{""type"":""MultiPoint"",""coordinates"":[]}"
9_0000000000000000000c,10,75.90759836714082,690,Sergipe,2006,200610,"{""type"":""MultiPoint"",""coordinates"":[]}"
9_000300000000000000c5,10,191.5280907491554,691,Tocantins,2006,200610,"{""type"":""MultiPoint"",""coordinates"":[]}"
10_000300000000000000b8,11,232.6887942959321,665,Acre,2006,200611,"{""type"":""MultiPoint"",""coordinates"":[]}"
10_00000000000000000000,11,21.903886718696707,666,Alagoas,2006,200611,"{""type"":""MultiPoint"",""coordinates"":[]}"
10_000300000000000000b9,11,115.09211810087488,667,Amapa,2006,200611,"{""type"":""MultiPoint"",""coordinates"":[]}"
10_000300000000000000ba,11,229.902296721358,668,Amazonas,2006,200611,"{""type"":""MultiPoint"",""coordinates"":[]}"
10_00000000000000000001,11,134.1209887495176,669,Bahia,2006,200611,"{""type"":""MultiPoint"",""coordinates"":[]}"
10_00000000000000000002,11,3.49828875134043,670,Ceara,2006,200611,"{""type"":""MultiPoint"",""coordinates"":[]}"
10_000300000000000000bb,11,190.83726947610387,671,Distrito Federal,2006,200611,"{""type"":""MultiPoint"",""coordinates"":[]}"
10_00000000000000000003,11,273.81089849931135,672,Espirito Santo,2006,200611,"{""type"":""MultiPoint"",""coordinates"":[]}"
10_000300000000000000bc,11,223.72619605555147,673,Goias,2006,200611,"{""type"":""MultiPoint"",""coordinates"":[]}"
10_00000000000000000004,11,81.73100297094923,674,Maranhao,2006,200611,"{""type"":""MultiPoint"",""coordinates"":[]}"
10_000300000000000000bd,11,170.81666376591852,675,Mato Grosso,2006,200611,"{""type"":""MultiPoint"",""coordinates"":[]}"
10_000300000000000000be,11,159.14627482872513,676,Mato Grosso Do Sul,2006,200611,"{""type"":""MultiPoint"",""coordinates"":[]}"
10_00000000000000000005,11,247.13543127849024,677,Minas Gerais,2006,200611,"{""type"":""MultiPoint"",""coordinates"":[]}"
10_0000000000000000000d,11,,692,Name Unknown,2006,200611,"{""type"":""MultiPoint"",""coordinates"":[]}"
10_000300000000000000bf,11,162.06475060820128,678,Para,2006,200611,"{""type"":""MultiPoint"",""coordinates"":[]}"
10_00000000000000000006,11,10.284758282606818,679,Paraiba,2006,200611,"{""type"":""MultiPoint"",""coordinates"":[]}"
10_000300000000000000c0,11,147.1958858230947,680,Parana,2006,200611,"{""type"":""MultiPoint"",""coordinates"":[]}"
10_00000000000000000007,11,28.21054706418447,681,Pernambuco,2006,200611,"{""type"":""MultiPoint"",""coordinates"":[]}"
10_00000000000000000008,11,70.12242915107161,682,Piaui,2006,200611,"{""type"":""MultiPoint"",""coordinates"":[]}"
10_00000000000000000009,11,229.6781407320437,683,Rio De Janeiro,2006,200611,"{""type"":""MultiPoint"",""coordinates"":[]}"
10_0000000000000000000a,11,5.304681999411826,684,Rio Grande Do Norte,2006,200611,"{""type"":""MultiPoint"",""coordinates"":[]}"
10_000300000000000000c1,11,170.03342645763152,685,Rio Grande Do Sul,2006,200611,"{""type"":""MultiPoint"",""coordinates"":[]}"
10_000300000000000000c2,11,179.688217864049,686,Rondonia,2006,200611,"{""type"":""MultiPoint"",""coordinates"":[]}"
10_000300000000000000c3,11,158.52783756888817,687,Roraima,2006,200611,"{""type"":""MultiPoint"",""coordinates"":[]}"
10_000300000000000000c4,11,189.08672096577018,688,Santa Catarina,2006,200611,"{""type"":""MultiPoint"",""coordinates"":[]}"
10_0000000000000000000b,11,139.67123624018984,689,Sao Paulo,2006,200611,"{""type"":""MultiPoint"",""coordinates"":[]}"
10_0000000000000000000c,11,31.703843699692886,690,Sergipe,2006,200611,"{""type"":""MultiPoint"",""coordinates"":[]}"
10_000300000000000000c5,11,174.2447451525837,691,Tocantins,2006,200611,"{""type"":""MultiPoint"",""coordinates"":[]}"
11_000300000000000000b8,12,268.39340116751043,665,Acre,2006,200612,"{""type"":""MultiPoint"",""coordinates"":[]}"
11_00000000000000000000,12,9.396427244574067,666,Alagoas,2006,200612,"{""type"":""MultiPoint"",""coordinates"":[]}"
11_000300000000000000b9,12,182.61504301760198,667,Amapa,2006,200612,"{""type"":""MultiPoint"",""coordinates"":[]}"
11_000300000000000000ba,12,239.31513305553452,668,Amazonas,2006,200612,"{""type"":""MultiPoint"",""coordinates"":[]}"
11_00000000000000000001,12,81.74200206796732,669,Bahia,2006,200612,"{""type"":""MultiPoint"",""coordinates"":[]}"
11_00000000000000000002,12,22.391321257790572,670,Ceara,2006,200612,"{""type"":""MultiPoint"",""coordinates"":[]}"
11_000300000000000000bb,12,230.83434339237346,671,Distrito Federal,2006,200612,"{""type"":""MultiPoint"",""coordinates"":[]}"
11_00000000000000000003,12,259.8778733543062,672,Espirito Santo,2006,200612,"{""type"":""MultiPoint"",""coordinates"":[]}"
11_000300000000000000bc,12,280.5174870453328,673,Goias,2006,200612,"{""type"":""MultiPoint"",""coordinates"":[]}"
11_00000000000000000004,12,97.7523166203614,674,Maranhao,2006,200612,"{""type"":""MultiPoint"",""coordinates"":[]}"
11_000300000000000000bd,12,290.7946704804451,675,Mato Grosso,2006,200612,"{""type"":""MultiPoint"",""coordinates"":[]}"
11_000300000000000000be,12,221.6311937395337,676,Mato Grosso Do Sul,2006,200612,"{""type"":""MultiPoint"",""coordinates"":[]}"
11_00000000000000000005,12,304.2736473904153,677,Minas Gerais,2006,200612,"{""type"":""MultiPoint"",""coordinates"":[]}"
11_0000000000000000000d,12,,692,Name Unknown,2006,200612,"{""type"":""MultiPoint"",""coordinates"":[]}"
11_000300000000000000bf,12,148.5554946708442,678,Para,2006,200612,"{""type"":""MultiPoint"",""coordinates"":[]}"
11_00000000000000000006,12,22.406753491764427,679,Paraiba,2006,200612,"{""type"":""MultiPoint"",""coordinates"":[]}"
11_000300000000000000c0,12,215.01165406591875,680,Parana,2006,200612,"{""type"":""MultiPoint"",""coordinates"":[]}"
11_00000000000000000007,12,18.988209902643103,681,Pernambuco,2006,200612,"{""type"":""MultiPoint"",""coordinates"":[]}"
11_00000000000000000008,12,85.31867135446349,682,Piaui,2006,200612,"{""type"":""MultiPoint"",""coordinates"":[]}"
11_00000000000000000009,12,228.54634174026214,683,Rio De Janeiro,2006,200612,"{""type"":""MultiPoint"",""coordinates"":[]}"
11_0000000000000000000a,12,14.181563815418293,684,Rio Grande Do Norte,2006,200612,"{""type"":""MultiPoint"",""coordinates"":[]}"
11_000300000000000000c1,12,136.81879724627748,685,Rio Grande Do Sul,2006,200612,"{""type"":""MultiPoint"",""coordinates"":[]}"
11_000300000000000000c2,12,289.8139012297989,686,Rondonia,2006,200612,"{""type"":""MultiPoint"",""coordinates"":[]}"
11_000300000000000000c3,12,66.84943547017613,687,Roraima,2006,200612,"{""type"":""MultiPoint"",""coordinates"":[]}"
11_000300000000000000c4,12,156.92165027315144,688,Santa Catarina,2006,200612,"{""type"":""MultiPoint"",""coordinates"":[]}"
11_0000000000000000000b,12,234.7408623459124,689,Sao Paulo,2006,200612,"{""type"":""MultiPoint"",""coordinates"":[]}"
11_0000000000000000000c,12,6.128628646774225,690,Sergipe,2006,200612,"{""type"":""MultiPoint"",""coordinates"":[]}"
11_000300000000000000c5,12,200.8141068257287,691,Tocantins,2006,200612,"{""type"":""MultiPoint"",""coordinates"":[]}"
